t,t_rel,cpu_idle,cpu_iowait,cpu_irq,cpu_nice,cpu_softirq,cpu_steal,cpu_system,cpu_user,ctxt,mem_Cached,mem_Dirty,mem_MemAvailable,mem_MemFree,mem_MemTotal,mem_SwapCached,mem_Writeback,mem_WritebackTmp,procs_blocked,procs_running,psi_cpu_full_total,psi_cpu_some_total,psi_io_full_total,psi_io_some_total,psi_memory_full_total,psi_memory_some_total,vm_nr_dirty,vm_nr_writeback,vm_pgfault,vm_pgmajfault,vm_pgpgin,vm_pgpgout,vm_pswpout
1789307266.9373612,0.0,34022978,369192,0,180,312,100,451695,4330837,131780451,160484,1708,63842864,64199132,64771556,0,4,0,1,1,0,115280845,1168793578,1177893188,200984,202016,427,1,340619997,237224,1817566088,1636516397,0
1789307267.1878116,0.25,34023217,369210,0,180,312,100,451696,4330979,131781080,170072,1428,63827264,64177616,64771556,0,0,0,0,17,0,115282586,1168821157,1177920814,200984,202016,357,0,340622664,237297,1817578384,1636516397,0
1789307267.4383857,0.501,34023589,369226,0,180,312,100,451698,4330988,131781768,177376,1428,63811340,64157776,64771556,0,0,0,0,2,0,115283338,1168924372,1178024035,200984,202016,357,0,340627583,237331,1817587468,1636516397,0
1789307267.6888578,0.751,34023965,369249,0,180,312,100,451699,4330988,131782468,205884,1460,63781340,64112948,64771556,0,0,0,1,1,0,115284124,1169081818,1178181487,200984,202016,365,0,340631810,237538,1817615976,1636516397,0
1789307267.939258,1.002,34024330,369272,0,180,312,100,451701,4330998,131784608,216444,1460,63767660,64093904,64771556,0,0,0,1,1,0,115284956,1169223296,1178322974,200984,202016,365,0,340635022,237634,1817626528,1636516397,0
1789307268.1896734,1.252,34024700,369294,0,180,312,100,451702,4331003,131786305,223068,1460,63755176,64078108,64771556,0,0,0,1,1,0,115285967,1169406387,1178506071,200984,202016,365,0,340637081,237640,1817633132,1636516397,0
1789307268.4400208,1.503,34025066,369316,0,180,312,100,451703,4331014,131787597,231468,1460,63733536,64052264,64771556,0,0,0,0,1,0,115287199,1169571934,1178671662,200984,202016,365,0,340642165,237640,1817641520,1636516397,0
1789307268.6904004,1.753,34025422,369325,0,180,312,100,451708,4331045,131791256,234440,1492,63723768,64041012,64771556,0,0,0,1,3,0,115287557,1169593653,1178693391,200984,202016,373,0,340658036,237648,1817644480,1636516429,0
1789307268.9410803,2.004,34025778,369338,0,180,312,100,451709,4331072,131793889,237728,1492,63700648,64016252,64771556,0,0,0,1,1,0,115288113,1169667290,1178767038,200984,202016,373,0,340665369,237649,1817647780,1636516429,0
1789307269.191589,2.254,34026143,369350,0,180,312,100,451711,4331093,131796916,240388,1492,63678328,63992476,64771556,0,0,0,0,2,0,115289888,1169749892,1178849651,200984,202016,373,0,340670203,237649,1817650960,1636516429,0
1789307269.442061,2.505,34026502,369364,0,180,312,100,451714,4331115,131800767,243660,1492,63651292,63963812,64771556,0,0,0,1,1,0,115290531,1169832461,1178932227,200984,202016,373,0,340678147,237657,1817654360,1636516429,0
1789307269.692525,2.755,34026857,369377,0,180,312,100,451716,4331145,131803907,246664,1492,63644328,63955320,64771556,0,0,0,0,2,0,115291057,1169900207,1178999989,200984,202016,373,0,340680272,237662,1817657368,1636516429,0
1789307269.9429736,3.006,34027213,369384,0,180,312,100,451717,4331177,131808856,248428,1492,63635416,63945732,64771556,0,0,0,1,1,0,115292018,1169924074,1179023863,200984,202016,373,0,340682120,237664,1817659252,1636516429,0
1789307270.1934493,3.256,34027554,369396,0,180,312,100,451721,4331221,131814340,251264,1460,63614664,63923312,64771556,0,0,0,1,1,0,115292712,1169970446,1179070244,200984,202016,365,0,340687085,237668,1817661704,1636516429,0
1789307270.5908015,3.653,34028159,369423,0,180,312,100,451723,4331225,131815585,279676,1460,63595908,63887408,64771556,0,0,0,1,1,0,115294034,1170232629,1179332506,200984,202016,365,0,340690528,237896,1817690932,1636516433,0
1789307270.8439481,3.907,34028535,369442,0,180,312,100,451724,4331231,131816196,293700,1460,63585888,63863180,64771556,0,0,0,1,1,0,115294867,1170418900,1179518796,200984,202016,365,0,340694456,238004,1817705008,1636516433,0
1789307271.0947015,4.157,34028911,369458,0,180,312,100,451725,4331238,131816732,305312,1460,63575652,63841188,64771556,0,0,0,1,1,0,115295864,1170587046,1179686960,200984,202016,365,0,340698465,238098,1817716732,1636516433,0
1789307271.3450642,4.408,34029279,369473,0,180,312,100,451728,4331252,131818203,311744,1460,63559416,63818340,64771556,0,0,0,1,2,0,115296864,1170675650,1179775578,200984,202016,365,0,340702132,238110,1817723352,1636516433,0
1789307271.5954568,4.658,34029637,369487,0,180,312,100,451729,4331278,131819484,314792,1460,63539532,63795420,64771556,0,0,0,0,4,0,115297471,1170757282,1179857210,200984,202016,365,0,340706018,238114,1817726392,1636516433,0
1789307271.8457937,4.908,34029973,369498,0,180,312,100,451732,4331327,131820945,317292,1460,63477244,63730648,64771556,0,0,0,0,4,0,115297866,1170803207,1179903135,200984,202016,365,0,340721267,238114,1817728916,1636516433,0
1789307272.0961432,5.159,34030319,369508,0,180,312,100,451735,4331366,131822381,319876,1460,63453424,63704228,64771556,0,0,0,0,3,0,115299492,1170848223,1179948154,200984,202016,365,0,340731355,238114,1817731476,1636516433,0
1789307272.346655,5.409,34030680,369519,0,180,312,100,451738,4331391,131825426,323192,1460,63432004,63679504,64771556,0,0,0,0,5,0,115300070,1170919548,1180019489,200984,202016,365,0,340737844,238117,1817734908,1636516433,0
1789307272.5971098,5.66,34031026,369529,0,180,312,100,451738,4331434,131826966,325908,1460,63424156,63668884,64771556,0,0,0,0,2,0,115300466,1170962051,1180062039,200984,202016,365,0,340740409,238117,1817737520,1636516433,0
1789307272.8475957,5.91,34031377,369538,0,180,312,100,451740,4331472,131828481,328420,1560,63412068,63654324,64771556,0,0,0,0,2,0,115300822,1171008067,1180108056,200984,202016,390,0,340743444,238119,1817739936,1636516433,0
1789307273.0980399,6.161,34031739,369549,0,180,313,100,451740,4331500,131831012,331296,1560,63399840,63639216,64771556,0,0,0,0,3,0,115301807,1171078940,1180178929,200984,202016,390,0,340746706,238119,1817742836,1636516433,0
1789307273.348458,6.411,34032096,369558,0,180,313,100,451741,4331533,131831714,334664,1560,63390620,63626616,64771556,0,0,0,0,2,0,115302132,1171134647,1180234636,200984,202016,390,0,340749324,238119,1817746164,1636516433,0
1789307273.5988023,6.661,34032428,369560,0,180,313,100,451746,4331595,131840707,335228,1560,63379136,63614568,64771556,0,0,0,0,5,0,115302860,1171138969,1180238958,200984,202016,390,0,340751901,238119,1817746728,1636516433,0
1789307273.8491402,6.912,34032758,369562,0,180,313,100,451748,4331660,131845557,336084,1560,63365412,63599992,64771556,0,0,0,0,4,0,115303276,1171147855,1180247844,200984,202016,390,0,340754983,238121,1817747584,1636516433,0
1789307274.0996013,7.162,34033106,369570,0,180,313,100,451750,4331699,131849799,338084,1560,63360028,63592556,64771556,0,0,0,1,1,0,115303813,1171186359,1180286352,200984,202016,390,0,340756639,238124,1817749584,1636516433,0
1789307274.3499377,7.413,34033479,369582,0,180,313,100,451751,4331714,131850789,341844,1560,63354464,63583268,64771556,0,0,0,0,2,0,115304482,1171297674,1180397682,200984,202016,390,0,340758060,238124,1817753344,1636516433,0
1789307274.6002707,7.663,34033851,369590,0,180,313,100,451752,4331733,131851768,343720,1560,63343568,63570460,64771556,0,0,0,1,1,0,115307364,1171342132,1180442140,200984,202016,390,0,340760878,238124,1817755244,1636516433,0
1789307274.8507192,7.913,34034203,369598,0,180,313,100,451754,4331771,131854227,346220,1560,63320844,63545236,64771556,0,0,0,0,2,0,115307705,1171384898,1180484906,200984,202016,390,0,340766852,238124,1817757992,1636516433,0
1789307275.1011274,8.164,34034578,369610,0,180,313,100,451755,4331783,131854890,349484,1560,63305492,63526636,64771556,0,0,0,0,2,0,115308517,1171507583,1180607591,200984,202016,390,0,340771329,238124,1817761008,1636516433,0
1789307275.3515792,8.414,34034931,369616,0,180,313,100,451756,4331822,131857101,350804,1560,63278368,63498172,64771556,0,0,0,0,2,0,115308796,1171540201,1180640216,200984,202016,390,0,340777076,238124,1817762372,1636516433,0
1789307275.6020427,8.665,34035294,369624,0,180,313,100,451758,4331850,131858087,352728,1560,63256596,63474496,64771556,0,0,0,1,1,0,115309165,1171593042,1180693057,200984,202016,390,0,340783372,238124,1817764236,1636516433,0
1789307275.8525038,8.915,34035649,369632,0,180,313,100,451760,4331884,131862513,354892,1560,63236016,63451100,64771556,0,0,0,1,1,0,115309690,1171636609,1180736623,200984,202016,390,0,340788668,238124,1817767028,1636516433,0
1789307276.1029506,9.166,34035966,369635,0,180,313,100,451763,4331961,131866974,356296,1716,63189192,63402892,64771556,0,0,0,0,5,0,115310333,1171639699,1180739714,200984,202016,429,0,340798563,238124,1817768268,1636516433,0
1789307276.3534293,9.416,34036303,369646,0,180,313,100,451766,4332011,131868361,358872,1716,63159196,63370320,64771556,0,0,0,0,2,0,115310674,1171697470,1180797489,200984,202016,429,0,340806940,238124,1817770844,1636516433,0
1789307276.6039104,9.667,34036658,369652,0,180,313,100,451768,4332047,131870959,360764,1724,63129068,63338324,64771556,0,0,0,0,2,0,115310896,1171711836,1180811870,200984,202016,431,0,340817023,238124,1817772736,1636516433,0
1789307276.8544037,9.917,34036996,369656,0,180,313,100,451774,4332100,131876575,362084,1724,63225632,63433536,64771556,0,0,0,0,5,0,115311268,1171724834,1180824867,200984,202016,431,0,340826461,238124,1817774048,1636516433,0
1789307277.1051574,10.168,34037362,369662,0,180,313,100,451775,4332127,131878421,363680,1724,63212596,63418884,64771556,0,0,0,0,2,0,115312379,1171772645,1180872689,200984,202016,431,0,340832169,238124,1817775660,1636516433,0
1789307277.355716,10.418,34037726,369667,0,180,313,100,451778,4332153,131880150,365344,1724,63187312,63391936,64771556,0,0,0,1,1,0,115312743,1171810711,1180910755,200984,202016,431,0,340838686,238124,1817777332,1636516433,0
1789307277.6063035,10.669,34038061,369676,0,180,313,100,451780,4332209,131884187,367784,1732,63180668,63382916,64771556,0,0,0,0,4,0,115313148,1171843170,1180943215,200984,202016,433,0,340840911,238125,1817779800,1636516433,0
1789307277.8570318,10.92,34038384,369678,0,180,313,100,451782,4332281,131889946,368732,1812,63176252,63377472,64771556,0,0,0,0,2,0,115313789,1171846503,1180946547,200984,202016,453,0,340842955,238125,1817780724,1636516517,0
1789307278.1075459,11.17,34038661,369679,0,180,313,100,451786,4332398,131897601,369580,1824,63162648,63363016,64771556,0,0,0,1,4,0,115314303,1171847541,1180947585,200984,202016,456,0,340849428,238125,1817781520,1636516517,0
1789307278.35801,11.421,34038944,369701,0,180,313,100,451812,4332463,131907865,549096,1824,62645248,62666084,64771556,0,0,0,2,3,0,115315197,1171885052,1180985129,200984,202016,456,0,340974754,238125,1817962176,1636516517,0
1789307278.6085556,11.671,34039244,369738,0,180,313,100,451824,4332514,131917543,901752,1824,62634112,62302284,64771556,0,0,0,0,13,0,115316055,1171935499,1181035587,200984,202016,456,0,340978679,238125,1818313680,1636516517,0
1789307278.8592155,11.922,34039500,369738,0,180,313,100,451840,4332640,131924389,1073796,173772,62430592,61926512,64771556,0,0,0,0,6,0,115316393,1171935499,1181035587,200984,202016,43443,0,341018582,238125,1818313720,1636516517,0
1789307279.109703,12.172,34039794,369738,0,180,313,100,451853,4332732,131925168,1364300,464276,62418844,61621080,64771556,0,0,0,0,5,0,115316439,1171935499,1181035587,200984,202016,116069,0,341023916,238125,1818313720,1636516517,0
1789307279.3601341,12.423,34040065,369757,0,180,313,100,451907,4332788,131931248,1569744,500184,61655060,60650340,64771556,0,0,0,2,4,0,115317246,1171963894,1181063987,200984,202016,125046,0,341127497,238125,1818484024,1636516517,0
1789307279.610625,12.673,34040327,369791,0,180,313,100,451924,4332874,131938618,2010380,579732,61592420,60146584,64771556,0,0,0,0,5,0,115318092,1172026120,1181126212,200984,202016,144933,0,341151274,238125,1818844344,1636516517,0
1789307279.8611116,12.924,34040615,369791,0,180,313,100,451936,4332973,131938902,2296756,866108,61696392,59960500,64771556,0,0,0,0,6,0,115318098,1172026120,1181126212,200984,202016,216527,0,341151918,238125,1818844344,1636516517,0
1789307280.1116269,13.174,34040889,369797,0,180,313,100,451980,4333048,131942379,2482672,998552,61293348,59369312,64771556,0,0,0,3,3,0,115318403,1172031804,1181131948,200984,202016,249638,0,341182787,238125,1818898712,1636516517,0
1789307280.3621306,13.425,34041179,369846,0,180,313,100,451993,4333094,131950175,3016156,1054704,61259336,58801800,64771556,0,0,0,0,5,0,115319683,1172122687,1181222843,200984,202016,263676,0,341189902,238125,1819374952,1636516517,0
1789307280.6128798,13.676,34041479,369846,0,180,313,100,452004,4333183,131950316,3305468,1344000,61300648,58549760,64771556,0,0,0,0,5,0,115319691,1172122687,1181222843,200984,202016,336104,0,341189905,238125,1819374952,1636516517,0
1789307280.8636284,13.926,34041755,369848,0,180,313,100,452046,4333262,131952935,3513332,1496924,60904544,57943464,64771556,0,0,0,3,5,0,115319890,1172125814,1181225976,200984,202016,374231,0,341215700,238125,1819430872,1636516517,0
1789307281.1142232,14.177,34042007,369897,0,180,313,100,452060,4333345,131962085,4032180,1540316,60888812,57408720,64771556,0,0,0,0,5,0,115320800,1172194812,1181294991,200984,202016,385079,0,341223694,238125,1819905560,1636516517,0
1789307281.364719,14.427,34042306,369897,0,180,313,100,452071,4333435,131962461,4318524,1826660,60972376,57202388,64771556,0,0,0,0,5,0,115320805,1172194815,1181294995,200984,202016,456665,0,341224210,238125,1819905568,1636516517,0
1789307281.6152124,14.678,34042592,369899,0,180,313,100,452110,4333508,131964860,4548296,1995716,60677672,56675348,64771556,0,0,0,1,11,0,115320925,1172196371,1181296552,200984,202016,498929,0,341232724,238125,1819966980,1636516517,0
1789307281.865735,14.928,34042887,369947,0,180,313,100,452122,4333550,131972668,5078820,2056588,60712500,56179256,64771556,0,0,0,0,5,0,115322370,1172301199,1181401380,200984,202016,514147,0,341234939,238125,1820436176,1636516517,0
1789307282.116192,15.179,34043187,369947,0,180,313,100,452134,4333638,131972774,5369688,2347216,60816108,55988400,64771556,0,0,0,0,5,0,115322409,1172301199,1181401380,200984,202016,586804,0,341234955,238125,1820436176,1636516517,0
1789307282.366588,15.429,34043474,369949,0,180,313,100,452175,4333707,131976272,5655612,2500540,60549900,55433672,64771556,0,0,0,0,8,0,115322803,1172304761,1181404943,200984,202016,625135,0,341243153,238125,1820569268,1636516517,0
1789307282.6170893,15.68,34043757,369988,0,180,313,100,452188,4333771,131983280,6135552,2582696,60601808,55004488,64771556,0,0,0,0,6,0,115323717,1172371837,1181472040,200984,202016,645674,0,341243492,238125,1820966784,1636516517,0
1789307282.867595,15.93,34044049,369988,0,180,313,100,452206,4333862,131983441,6402120,2849040,60659568,54791800,64771556,0,0,0,0,5,0,115323723,1172371837,1181472040,200984,202016,712260,0,341245481,238125,1820966784,1636516517,0
1789307283.1180863,16.181,34044341,369991,0,180,313,100,452239,4333933,131986295,6729568,3032228,60542320,54344384,64771556,0,0,0,1,4,0,115324452,1172380043,1181480246,200984,202016,758158,0,341251161,238125,1821111832,1636516933,0
1789307283.3685563,16.431,34044634,370023,0,180,313,100,452253,4333992,131993052,7228940,3145664,60616104,53917076,64771556,0,0,0,0,5,0,115325542,1172456465,1181556671,200984,202016,786416,0,341251584,238125,1821497392,1636516933,0
1789307283.619032,16.682,34044933,370025,0,180,313,100,452271,4334071,131995103,7595472,3379240,60689408,53620420,64771556,0,0,0,0,5,0,115325805,1172462359,1181562564,200984,202016,844810,0,341253564,238125,1821630044,1636516933,0
1789307283.8695042,16.932,34045224,370027,0,180,313,100,452305,4334144,131998098,7858224,3564156,60566616,53231800,64771556,0,0,0,3,6,0,115326134,1172464366,1181564571,200984,202016,891039,0,341259621,238125,1821708624,1636516933,0
1789307284.1201735,17.183,34045516,370052,0,180,313,100,452324,4334209,132002888,8318828,3705016,60586136,52788656,64771556,0,0,0,0,5,0,115326750,1172505007,1181605215,200984,202016,926050,0,341261430,238125,1822028000,1636516933,0
1789307284.3706524,17.433,34045814,370055,0,180,313,100,452335,4334297,132005106,8700472,3954108,60726672,52544020,64771556,0,0,0,0,5,0,115327032,1172510995,1181611202,200984,202016,988527,0,341261612,238125,1822160652,1636516933,0
1789307284.621154,17.684,34046109,370062,0,180,313,100,452371,4334359,132008893,9051760,4099732,60554048,52017876,64771556,0,0,0,0,5,0,115327321,1172519108,1181619316,200984,202016,1024933,0,341267793,238125,1822366352,1636516933,0
1789307284.8716502,17.934,34046396,370074,0,180,313,100,452392,4334438,132013438,9550760,4273176,60581588,51543736,64771556,0,0,0,0,5,0,115327983,1172546484,1181646691,200984,202016,1068395,0,341269991,238125,1822691260,1636516933,0
1789307285.1221411,18.185,34046692,370074,0,180,313,100,452410,4334524,132013877,9818956,4541740,60693820,51384232,64771556,0,0,0,0,6,0,115328005,1172546753,1181646960,200984,202016,1135435,0,341271976,238125,1822691480,1636516933,0
1789307285.3728411,18.435,34046952,370086,0,180,313,100,452446,4334614,132020089,10291908,4652140,60515040,50730504,64771556,0,0,0,0,6,0,115328556,1172559521,1181659731,200984,202016,1162934,0,341278100,238125,1823053780,1636516933,0
1789307285.623339,18.686,34047239,370090,0,180,313,100,452461,4334710,132022601,10694040,4886340,60642340,50451812,64771556,0,0,0,0,5,0,115328851,1172566963,1181667173,200984,202016,1221585,0,341278613,238125,1823221888,1636516933,0
1789307285.8738272,18.936,34047536,370092,0,180,313,100,452489,4334782,132024802,11037384,5097052,60583368,50046576,64771556,0,0,0,0,5,0,115329115,1172572860,1181673071,200984,202016,1274364,0,341283316,238126,1823354572,1636516933,0
1789307286.1243215,19.187,34047814,370104,0,180,313,100,452518,4334862,132031017,11549496,5222176,60512368,49461808,64771556,0,0,0,0,6,0,115329937,1172591892,1181692105,200984,202016,1305544,0,341287052,238126,1823741776,1636516933,0
1789307286.3748329,19.437,34048104,370104,0,180,313,100,452536,4334954,132031471,11820488,5481920,60598436,49272900,64771556,0,0,0,1,5,0,115329965,1172592360,1181692573,200984,202016,1370581,0,341289040,238126,1823752564,1636516933,0
1789307286.6252956,19.688,34048396,370108,0,180,313,100,452569,4335024,132035942,12219340,5651544,60494816,48767568,64771556,0,0,0,1,7,0,115330458,1172602905,1181703118,200984,202016,1412987,0,341294169,238126,1823982612,1636516933,0
1789307286.8759384,19.939,34048683,370116,0,180,313,100,452586,4335109,132040215,12710908,5841784,60594788,48373008,64771556,0,0,0,0,5,0,115331027,1172622015,1181722229,200984,202016,1460446,0,341295059,238126,1824283136,1636516933,0
1789307287.1264231,20.189,34048980,370120,0,180,313,100,452609,4335186,132043207,13072028,6023496,60611568,48025652,64771556,0,6236,0,1,5,0,115331531,1172628065,1181728286,200984,202016,1506078,1559,341297829,238126,1824415756,1636564125,0
1789307287.376926,20.44,34049259,370138,0,180,313,100,452644,4335252,132052558,13335312,5861920,60445676,47593944,64771556,0,0,0,1,5,0,115331896,1172647922,1181748303,200984,202016,1465480,0,341304756,238126,1824514328,1636890677,0
1789307287.6276693,20.69,34049551,370148,0,180,313,100,452666,4335329,132056842,13693164,5983156,60466100,47253568,64771556,0,8616,0,0,6,0,115332301,1172668571,1181768979,200984,202016,1495688,2255,341306778,238126,1824675884,1636964405,0
1789307287.8781605,20.941,34049813,370191,0,180,313,100,452704,4335382,132068680,13952604,5435552,60382208,46908432,64771556,0,8192,0,2,4,0,115334098,1172749737,1181851777,200984,202016,1358888,2048,341310207,238126,1824820156,1637628349,0
1789307288.128655,21.191,34050070,370232,0,180,313,100,452724,4335460,132078015,14266260,5258612,60450168,46660392,64771556,0,6552,0,2,4,0,115335041,1172812363,1181914806,200984,202016,1314653,1638,341311382,238126,1824971356,1637968177,0
1789307288.3791344,21.442,34050327,370273,0,180,313,100,452750,4335533,132085591,14573100,5258952,60714936,46615944,64771556,0,12048,0,1,6,0,115335800,1172869163,1181972128,200984,202016,1314839,2911,341314433,238126,1825131120,1638114669,0
1789307288.6296358,21.692,34050593,370316,0,180,313,100,452774,4335597,132092586,14894604,5255116,60684440,46261844,64771556,0,9900,0,2,4,0,115336494,1172934697,1182037985,200984,202016,1313779,2475,341317385,238126,1825309816,1638261681,0
1789307288.8801205,21.943,34050864,370357,0,180,313,100,452793,4335666,132099799,15222412,5286548,60694596,45941692,64771556,0,8192,0,0,5,0,115337092,1172990683,1182094239,200984,202016,1321637,2048,341331495,238126,1825456264,1638410849,0
1789307289.1306317,22.193,34051128,370398,0,180,313,100,452824,4335728,132106964,15507872,5271984,60597308,45557188,64771556,0,7044,0,1,5,0,115338192,1173049309,1182153250,200984,202016,1317996,1761,341336651,238126,1825608584,1638558889,0
1789307289.3811045,22.444,34051379,370438,0,180,313,100,452844,4335815,132115810,15819568,5273620,60674860,45320356,64771556,0,6176,0,3,4,0,115338783,1173083860,1182188057,200984,202016,1318405,1544,341356924,238126,1825769928,1638707305,0
1789307289.6316535,22.694,34051632,370478,0,180,313,100,452874,4335890,132122445,16107108,5269684,60605040,44960808,64771556,0,4680,0,1,5,0,115339472,1173146230,1182250831,200984,202016,1317421,1170,341361521,238126,1825914696,1638854537,0
1789307289.8822243,22.945,34051861,370516,0,180,313,100,452895,4336000,132129695,16378336,5261988,60652816,44734744,64771556,0,10772,0,1,6,0,115339946,1173182432,1182287403,200984,202016,1315497,2693,341368894,238126,1826045716,1639001925,0
1789307290.132721,23.195,34052105,370550,0,180,313,100,452911,4336103,132137041,16617368,5251504,60737292,44575904,64771556,0,8192,0,2,5,0,115340811,1173235125,1182340774,200984,202016,1312775,2048,341372165,238126,1826146764,1639150253,0
1789307290.3831966,23.446,34052358,370575,0,180,313,100,452933,4336201,132145552,16670112,5130148,60929864,44713960,64771556,0,7448,0,1,10,0,115341371,1173260568,1182366577,200984,202016,1282537,1862,341377295,238126,1826172556,1639298661,0
1789307290.633696,23.696,34052570,370597,0,180,313,100,452948,4336347,132154547,16670212,4982752,60812376,44596324,64771556,0,5872,0,1,8,0,115341892,1173281745,1182388024,200984,202016,1245688,1468,341399489,238126,1826172652,1639446057,0
1789307290.8841662,23.947,34052787,370620,0,180,313,100,452964,4336492,132159626,16821028,4982744,60843068,44473760,64771556,0,7412,0,1,5,0,115342178,1173293795,1182400578,200984,202016,1245686,1853,341402136,238127,1826172692,1639596869,0
1789307291.1346557,24.197,34053037,370642,0,180,313,100,452978,4336605,132163922,17053744,5065784,60903568,44294584,64771556,0,15968,0,1,5,0,115342610,1173307569,1182414589,200984,202016,1266446,3992,341402342,238127,1826172700,1639746501,0
1789307291.3851523,24.448,34053250,370664,0,180,313,100,453001,4336745,132189112,17198132,5062992,60898096,44140480,64771556,0,12268,0,1,6,0,115343617,1173324640,1182432172,200984,202016,1265852,3067,341406072,238127,1826172704,1639893665,0
1789307291.635698,24.698,34053468,370685,0,180,313,100,453026,4336877,132230937,16780148,4499892,61026224,44696956,64771556,0,8192,0,1,6,0,115345149,1173340779,1182449230,200984,202016,1124973,2048,341409107,238127,1826172712,1640038777,0
1789307291.8861802,24.949,34053722,370707,0,180,313,100,453042,4336983,132242049,16861320,4432184,60988216,44576856,64771556,0,7888,0,1,5,0,115345634,1173374814,1182483947,200984,202016,1108046,1972,341425009,238127,1826172712,1640187953,0
1789307292.1366954,25.199,34053981,370730,0,180,313,100,453061,4337081,132255424,16814292,4236796,61137720,44774824,64771556,0,7060,0,1,5,0,115346397,1173402233,1182511661,200984,202016,1059199,1765,341426229,238127,1826172720,1640335981,0
1789307292.38717,25.45,34054238,370753,0,180,313,100,453077,4337183,132266127,16959032,4235248,61246520,44735544,64771556,0,12376,0,1,5,0,115346891,1173428069,1182537828,200984,202016,1058812,3094,341426525,238127,1826172724,1640482261,0
1789307292.63768,25.7,34054503,370776,0,180,313,100,453095,4337274,132288906,16986728,4116220,61385904,44845376,64771556,0,9896,0,1,5,0,115347952,1173471917,1182581957,200984,202016,1029159,2474,341426548,238127,1826172736,1640628973,0
1789307292.8881583,25.951,34054770,370800,0,180,313,100,453114,4337361,132314849,17000396,3978456,61435304,44879468,64771556,0,10428,0,1,5,0,115349106,1173516758,1182626977,200984,202016,994614,2607,341426575,238127,1826172740,1640780393,0
1789307293.13866,26.201,34055036,370824,0,180,313,100,453132,4337451,132341271,16986632,3817964,61458092,44916056,64771556,0,8336,0,1,5,0,115350284,1173552011,1182662572,200984,202016,954491,2084,341426602,238127,1826172744,1640927949,0
1789307293.389326,26.452,34055293,370846,0,180,313,100,453153,4337551,132362127,16984800,3667332,61501976,44962068,64771556,0,8552,0,1,5,0,115351064,1173572668,1182683770,200984,202016,916833,2138,341426621,238127,1826172744,1641077133,0
1789307293.6398284,26.702,34055545,370869,0,180,313,100,453176,4337651,132386636,16935908,3469144,61534004,45043316,64771556,0,16100,0,1,6,0,115351986,1173594063,1182705887,200984,202016,867286,4025,341426655,238127,1826172748,1641226305,0
1789307293.890546,26.953,34055811,370892,0,180,313,100,453194,4337742,132407720,16832128,3219272,61532432,45147140,64771556,0,13380,0,1,6,0,115352722,1173636971,1182749303,200984,202016,804818,3345,341426688,238127,1826172752,1641372233,0
1789307294.1410258,27.204,34056063,370914,0,180,313,100,453211,4337847,132425831,16715024,2957824,61525284,45261944,64771556,0,6452,0,0,7,0,115353991,1173673233,1182786147,200984,202016,739456,1613,341426736,238127,1826172760,1641516429,0
1789307294.3915138,27.454,34056330,370938,0,180,313,100,453225,4337941,132428070,16908592,3000940,61518116,45058476,64771556,0,7076,0,1,5,0,115354372,1173715768,1182829064,200984,202016,750235,1769,341427444,238146,1826173812,1641666385,0
1789307294.6419916,27.705,34056579,370972,0,180,313,100,453241,4338038,132438646,17111052,3055560,61517408,44847468,64771556,0,4796,0,1,5,0,115354741,1173742706,1182856327,200984,202016,763994,1199,341431277,238199,1826178460,1641813105,0
1789307294.8924713,27.955,34056810,371009,0,180,313,100,453264,4338140,132482788,17002408,2793728,61508564,44947212,64771556,0,11900,0,1,7,0,115356045,1173774323,1182888424,200984,202016,698432,2975,341434541,238237,1826184300,1641961173,0
1789307295.1430476,28.206,34057026,371041,0,180,313,100,453286,4338268,132499553,16682728,2317556,61597572,45365264,64771556,0,16384,0,1,6,0,115356822,1173798299,1182912980,200984,202016,579389,4096,341437363,238241,1826187160,1642114833,0
1789307295.3934784,28.456,34057281,371070,0,180,313,100,453305,4338365,132501545,16799184,2287196,61581744,45231012,64771556,0,12024,0,1,5,0,115357018,1173840014,1182955145,200984,202016,571799,3006,341442678,238273,1826189904,1642261361,0
1789307295.6439466,28.707,34057552,371087,0,180,313,100,453321,4338460,132502271,16964016,2339456,61586136,45066528,64771556,0,176,0,0,5,0,115357117,1173866686,1182982017,200984,202016,584864,44,341442687,238273,1826189904,1642373921,0
1789307295.8944194,28.957,34057831,371087,0,180,313,100,453335,4338566,132535352,17076736,2452176,61604264,44968508,64771556,0,176,0,0,5,0,115358556,1173866686,1182982017,200984,202016,613044,44,341442956,238273,1826189904,1642373921,0
1789307296.145108,29.208,34058119,371087,0,180,313,100,453352,4338660,132545332,16912036,2287476,61620984,45153880,64771556,0,176,0,0,5,0,115359212,1173866686,1182982017,200984,202016,571869,44,341442957,238273,1826189904,1642373921,0
1789307296.3956304,29.458,34058414,371087,0,180,313,100,453367,4338747,132566464,17148888,2524036,61606544,44897092,64771556,0,0,0,0,5,0,115360266,1173866686,1182982017,200984,202016,631321,0,341442974,238273,1826189904,1642373921,0
1789307296.6460917,29.709,34058705,371087,0,180,313,100,453384,4338836,132588185,17160352,2535500,61598404,44876784,64771556,0,0,0,0,5,0,115361573,1173866686,1182982017,200984,202016,633875,0,341442990,238273,1826189904,1642373921,0
1789307296.8966043,29.959,34058977,371087,0,180,313,100,453406,4338942,132628049,17087812,2462960,61611568,44963412,64771556,0,0,0,0,10,0,115363174,1173866686,1182982017,200984,202016,615740,0,341443026,238273,1826189904,1642373921,0
1789307297.1472235,30.21,34059259,371087,0,180,313,100,453420,4339046,132634009,16841416,2216652,61630892,45235248,64771556,0,0,0,0,5,0,115363838,1173866812,1182982144,200984,202016,554163,0,341443031,238273,1826189904,1642374021,0
1789307297.3979483,30.461,34059559,371087,0,180,313,100,453430,4339136,132634060,17038820,2414056,61647648,45051384,64771556,0,0,0,0,5,0,115363843,1173866812,1182982144,200984,202016,603514,0,341443032,238273,1826189904,1642374021,0
1789307297.6486511,30.711,34059859,371088,0,180,313,100,453443,4339224,132635349,17339712,2714348,61661712,44756116,64771556,0,584,0,1,5,0,115363900,1173866825,1182982157,200984,202016,678587,146,341443065,238273,1826189908,1642375001,0
1789307297.8992758,30.962,34060129,371091,0,180,313,100,453465,4339327,132688378,17214852,2584324,61672620,44891132,64771556,0,0,0,0,5,0,115366112,1173868224,1182983558,200984,202016,645873,0,341443794,238273,1826189908,1642379785,0
1789307298.1499643,31.213,34060386,371091,0,180,313,100,453483,4339451,132700235,16931552,2301096,61567728,45078484,64771556,0,0,0,0,5,0,115366911,1173868227,1182983560,200984,202016,575274,0,341475881,238273,1826189908,1642380041,0
1789307298.400713,31.463,34060679,371091,0,180,313,100,453495,4339546,132705866,17141376,2510920,61548660,44847168,64771556,0,0,0,0,4,0,115367189,1173868227,1182983560,200984,202016,627834,0,341475886,238273,1826189908,1642380041,0
1789307298.6514137,31.714,34060981,371091,0,180,313,100,453511,4339628,132726848,17131056,2500600,61562436,44868432,64771556,0,0,0,0,4,0,115368106,1173868227,1182983560,200984,202016,625254,0,341475915,238273,1826189908,1642380041,0
1789307298.9021082,31.965,34061289,371091,0,180,313,100,453529,4339698,132772874,17007936,2377480,61574032,45004940,64771556,0,0,0,0,3,0,115370742,1173868227,1182983560,200984,202016,594370,0,341476002,238273,1826189908,1642380041,0
1789307299.1527274,32.215,34061645,371091,0,180,313,100,453545,4339722,132785744,15824980,1743768,61592108,46219020,64771556,0,0,0,0,2,0,115374580,1173868694,1182984027,200984,202016,435942,0,341476480,238274,1826190020,1642380041,0
1789307299.4032016,32.466,34062020,371091,0,180,313,100,453571,4339722,132786039,13410508,1140772,61632464,48684340,64771556,0,0,0,0,2,0,115379751,1173868694,1182984027,200984,202016,285193,0,341476481,238274,1826190020,1642380041,0
1789307299.653689,32.716,34062395,371091,0,180,313,100,453596,4339722,132786339,11025972,506720,61668240,51130624,64771556,0,0,0,0,2,0,115384930,1173868694,1182984027,200984,202016,126579,0,341476483,238274,1826190020,1642380041,0
1789307299.9040797,32.967,34062769,371091,0,180,313,100,453620,4339724,132787052,8776784,2032,61737528,53515416,64771556,0,0,0,0,1,0,115390375,1173868694,1182984027,200984,202016,508,0,341476806,238274,1826190020,1642380041,0
1789307300.1545258,33.217,34063169,371091,0,180,313,100,453620,4339724,132787294,8776736,1984,61735216,53513276,64771556,0,0,0,0,1,0,115390375,1173868694,1182984027,200984,202016,496,0,341476808,238274,1826190020,1642380041,0
